{"cameraMode":{"drawMode":0,"name":"Shaded","section":"Shading Mode"},"sceneLighting":false,"audioPlay":false,"sceneViewState":{"m_AlwaysRefresh":false,"showFog":true,"showSkybox":false,"showFlares":true,"showImageEffects":true,"showParticleSystems":true,"showVisualEffectGraphs":true,"m_FxEnabled":true},"in2DMode":false,"pivot":{"x":5.960464477539063e-7,"y":1.0407719612121583,"z":8.859563827514649},"rotation":{"x":-0.12791183590888978,"y":-0.49110716581344607,"z":0.07316777855157852,"w":-0.8585478067398071},"size":1.9352562427520753,"orthographic":true}